{"root":[{"assemblyName":"Eflatun.SceneReference","nameSpace":"Eflatun.SceneReference","className":"SceneGuidToAddressMapProvider","methodName":"LoadIfNotAlready","loadTypes":1,"isUnityClass":false},{"assemblyName":"Eflatun.SceneReference","nameSpace":"Eflatun.SceneReference","className":"SceneGuidToPathMapProvider","methodName":"RuntimeInit","loadTypes":1,"isUnityClass":false},{"assemblyName":"NeonBlack","nameSpace":"NeonBlack.Utilities","className":"Settings","methodName":"OnGameStart","loadTypes":1,"isUnityClass":false},{"assemblyName":"NeonBlack","nameSpace":"NeonBlack.Systems.SceneManagement","className":"SceneLoader","methodName":"OnGameStart","loadTypes":0,"isUnityClass":false},{"assemblyName":"R3.Unity","nameSpace":"R3","className":"PlayerLoopHelper","methodName":"Init","loadTypes":2,"isUnityClass":false},{"assemblyName":"R3.Unity","nameSpace":"R3","className":"UnityProviderInitializer","methodName":"SetDefaultObservableSystem","loadTypes":2,"isUnityClass":false},{"assemblyName":"UniTask","nameSpace":"Cysharp.Threading.Tasks","className":"PlayerLoopHelper","methodName":"Init","loadTypes":2,"isUnityClass":false},{"assemblyName":"Unity.InputSystem","nameSpace":"UnityEngine.InputSystem","className":"InputSystem","methodName":"RunInitializeInPlayer","loadTypes":4,"isUnityClass":true},{"assemblyName":"Unity.InputSystem","nameSpace":"UnityEngine.InputSystem","className":"InputSystem","methodName":"RunInitialUpdate","loadTypes":1,"isUnityClass":true},{"assemblyName":"Unity.VisualScripting.Core","nameSpace":"Unity.VisualScripting","className":"RuntimeVSUsageUtility","methodName":"RuntimeInitializeOnLoadBeforeSceneLoad","loadTypes":1,"isUnityClass":true}]}
